field,kind,rows,non_null,null_pct,min,p01,p05,p10,p25,p50,p75,p90,p95,p99,max,mean,std,neg_pct,zero_pct,pos_pct,suggested_public_exposure,glossary_group,glossary_description
rsi,bounded_0_100_indicator,7970,7454,6.47,11.3096,21.1489,28.5139,32.4052,39.6192,48.3735,58.3532,68.5222,72.9125,83.1945,98.911,49.4056,13.6986,0.0,0.0,100.0,public_label_ok_raw_score_member_only,,
rsi_attention_adjusted_score,bounded_0_100_indicator,7970,7970,0.0,19.6276,29.687,39.3368,40.1408,45.4217,50.0,59.6832,59.9948,64.9257,71.07,84.6668,50.6683,8.8336,0.0,0.0,100.0,public_label_ok_raw_score_member_only,,
rsi_attention_adjusted_score_ema_3,bounded_0_100_indicator,7970,7970,0.0,23.9862,33.7191,39.2921,40.677,45.7366,50.0351,55.8633,59.8317,62.2027,68.4028,78.4558,50.6713,7.39,0.0,0.0,100.0,public_label_ok_raw_score_member_only,,
rsi_attention_adjusted_score_ema_7,bounded_0_100_indicator,7970,7970,0.0,27.6632,36.8161,40.6849,42.6848,46.7092,50.318,54.8564,58.5649,60.4223,65.0876,72.5565,50.6727,6.1169,0.0,0.0,100.0,public_label_ok_raw_score_member_only,,
rsi_attention_adjusted_score_streak_down,bounded_0_100_indicator,7970,7970,0.0,0.0,0.0,0.0,0.0,0.0,0.0,1.0,2.0,3.0,5.0,7.0,0.7964,1.1103,0.0,53.89,46.11,public_label_ok_raw_score_member_only,,
rsi_attention_adjusted_score_streak_up,bounded_0_100_indicator,7970,7970,0.0,0.0,0.0,0.0,0.0,0.0,0.0,1.0,2.0,3.0,5.0,11.0,0.8326,1.1744,0.0,53.04,46.96,public_label_ok_raw_score_member_only,,
rsi_attention_multiplier,bounded_0_100_indicator,7970,7970,0.0,1.0086,1.0274,1.0352,1.0391,1.0449,1.0525,1.0627,1.075,1.0844,1.111,1.1518,1.0553,0.016,0.0,0.0,100.0,public_label_ok_raw_score_member_only,,
rsi_combined_strength_score,bounded_0_100_indicator,7970,7970,0.0,1.0,16.6667,33.3333,33.3333,41.6667,50.0,66.6667,66.6667,75.0,83.3333,100.0,51.1308,14.4291,0.0,0.0,100.0,public_label_ok_raw_score_member_only,,
rsi_combined_strength_score_ema_3,bounded_0_100_indicator,7970,7970,0.0,11.1559,24.8846,32.5519,34.3755,42.7455,50.0,59.4797,66.5222,69.8931,78.995,91.984,51.1418,12.0291,0.0,0.0,100.0,public_label_ok_raw_score_member_only,,
rsi_combined_strength_score_ema_7,bounded_0_100_indicator,7970,7970,0.0,19.5612,28.9423,34.5035,37.8854,44.6605,50.1991,57.9633,64.1709,66.8913,74.2051,87.6429,51.136,9.9481,0.0,0.0,100.0,public_label_ok_raw_score_member_only,,
rsi_combined_strength_score_raw,bounded_0_100_indicator,7970,7970,0.0,0.0,16.6667,33.3333,33.3333,41.6667,50.0,66.6667,66.6667,75.0,83.3333,100.0,51.1303,14.4309,0.0,0.05,99.95,internal_only,,
rsi_combined_strength_score_streak_down,bounded_0_100_indicator,7970,7970,0.0,0.0,0.0,0.0,0.0,0.0,0.0,0.0,1.0,1.0,2.0,4.0,0.2581,0.5349,0.0,78.28,21.72,public_label_ok_raw_score_member_only,,
rsi_combined_strength_score_streak_up,bounded_0_100_indicator,7970,7970,0.0,0.0,0.0,0.0,0.0,0.0,0.0,0.0,1.0,1.0,2.0,4.0,0.2551,0.5257,0.0,78.31,21.69,public_label_ok_raw_score_member_only,,
rsi_strength_score,bounded_0_100_indicator,7970,7970,0.0,0.0,16.6667,33.3333,33.3333,33.3333,50.0,66.6667,66.6667,66.6667,100.0,100.0,51.5077,17.9725,0.0,0.97,99.03,public_label_ok_raw_score_member_only,,
signal_dispersion_score,bounded_0_100_indicator,7970,7970,0.0,0.0,6.4973,11.547,19.2901,29.2816,38.656,48.217,59.1664,63.9836,72.8904,89.7019,38.7535,14.9531,0.0,0.14,99.86,public_label_ok_raw_score_member_only,,
stochastic_rsi,bounded_0_100_indicator,7970,7029,11.81,0.0,0.0,0.0,0.6354,17.5764,53.0984,86.189,99.8665,100.0,100.0,100.0,51.4928,35.4727,0.0,8.79,91.21,public_label_ok_raw_score_member_only,,
stochastic_rsi_cross_score,bounded_0_100_indicator,7970,7970,0.0,0.0,0.0,0.0,0.0,0.0,50.0,100.0,100.0,100.0,100.0,100.0,50.1631,44.3478,0.0,39.17,60.83,public_label_ok_raw_score_member_only,,
stochastic_rsi_d,bounded_0_100_indicator,7970,6975,12.48,0.0,0.0,0.3154,3.9038,18.8944,52.9822,84.5379,97.6185,99.9511,100.0,100.0,51.5867,34.2679,0.0,4.16,95.84,public_label_ok_raw_score_member_only,,
stochastic_rsi_d_strength_score,bounded_0_100_indicator,7970,7970,0.0,0.0,0.0,0.0,0.0,50.0,50.0,50.0,100.0,100.0,100.0,100.0,50.9567,31.7729,0.0,18.37,81.63,public_label_ok_raw_score_member_only,,
stochastic_rsi_raw,bounded_0_100_indicator,7970,7083,11.13,0.0,0.0,0.0,0.0,11.3848,52.9391,93.4327,100.0,100.0,100.0,100.0,51.3599,38.4733,0.0,18.61,81.39,internal_only,,
stochastic_rsi_strength_score,bounded_0_100_indicator,7970,7970,0.0,0.0,0.0,16.6667,33.3333,33.3333,50.0,66.6667,66.6667,83.3333,100.0,100.0,50.7528,20.2175,0.0,2.16,97.84,public_label_ok_raw_score_member_only,,
attention_aligned_consensus_score,bounded_0_100_score,7970,7970,0.0,23.0791,32.7482,36.4989,38.8852,43.3664,48.4842,54.4171,59.9403,62.6501,67.8988,78.836,49.0076,7.9495,0.0,0.0,100.0,public_label_ok_raw_score_member_only,,
attention_aligned_consensus_score_ema_3,bounded_0_100_score,7970,7970,0.0,28.6159,35.1416,39.1031,41.2462,44.6855,48.7713,53.0883,57.2757,59.5597,64.262,76.2229,49.004,6.2614,0.0,0.0,100.0,public_label_ok_raw_score_member_only,,
attention_aligned_consensus_score_ema_7,bounded_0_100_score,7970,7970,0.0,31.6042,36.7004,40.3272,42.2392,45.1256,48.8203,52.7572,56.1048,57.9653,61.9178,71.6773,48.995,5.4344,0.0,0.0,100.0,public_label_ok_raw_score_member_only,,
attention_aligned_consensus_score_streak_down,bounded_0_100_score,7970,7970,0.0,0.0,0.0,0.0,0.0,0.0,1.0,1.0,2.0,3.0,4.0,8.0,0.7626,0.947,0.0,49.17,50.83,public_label_ok_raw_score_member_only,,
attention_aligned_consensus_score_streak_up,bounded_0_100_score,7970,7970,0.0,0.0,0.0,0.0,0.0,0.0,0.0,1.0,2.0,2.0,3.0,12.0,0.7146,0.8964,0.0,50.85,49.15,public_label_ok_raw_score_member_only,,
attention_conviction_score,bounded_0_100_score,7970,7970,0.0,19.4662,33.844,39.2156,42.1318,46.3796,50.95,56.4366,62.1841,66.2231,77.4181,100.0,51.7559,8.5191,0.0,0.0,100.0,public_label_ok_raw_score_member_only,,
attention_conviction_score_signed_streak_down,bounded_0_100_score,7970,7970,0.0,0.0,0.0,0.0,0.0,0.0,1.0,1.0,3.0,3.0,5.0,10.0,0.9478,1.2719,0.0,49.49,50.51,public_label_ok_raw_score_member_only,,
attention_conviction_score_signed_streak_up,bounded_0_100_score,7970,7970,0.0,0.0,0.0,0.0,0.0,0.0,0.0,1.0,3.0,3.0,5.0,23.0,0.9045,1.2597,0.0,50.74,49.26,public_label_ok_raw_score_member_only,,
attention_level_score,bounded_0_100_score,7970,7970,0.0,0.0,2.8571,6.589,8.9182,13.3198,19.727,27.4453,37.6703,43.9744,59.673,90.0254,21.7352,11.8786,0.0,0.53,99.47,public_label_ok_raw_score_member_only,,
attention_level_score_ema_3,bounded_0_100_score,7970,7970,0.0,0.0,4.323,7.6611,10.0049,14.1043,19.7873,26.8534,36.3046,42.0974,58.2599,85.2481,21.7092,10.9609,0.0,0.01,99.99,public_label_ok_raw_score_member_only,,
attention_level_score_ema_7,bounded_0_100_score,7970,7970,0.0,0.0,4.8328,8.5351,10.8928,14.9246,19.9289,26.361,34.7284,40.5873,55.3371,81.0498,21.6643,10.0561,0.0,0.01,99.99,public_label_ok_raw_score_member_only,,
attention_level_score_streak_down,bounded_0_100_score,7970,7970,0.0,0.0,0.0,0.0,0.0,0.0,1.0,2.0,3.0,4.0,6.0,33.0,1.0547,1.8101,0.0,48.14,51.86,public_label_ok_raw_score_member_only,,
attention_level_score_streak_up,bounded_0_100_score,7970,7970,0.0,0.0,0.0,0.0,0.0,0.0,0.0,1.0,2.0,3.0,5.0,9.0,0.8432,1.1434,0.0,52.06,47.94,public_label_ok_raw_score_member_only,,
attention_regime_score,bounded_0_100_score,7970,7970,0.0,12.9322,17.5,19.5605,20.8501,23.2773,26.4086,30.8374,36.5444,41.0858,53.0043,74.2234,27.8954,6.9759,0.0,0.0,100.0,public_label_ok_raw_score_member_only,,
attention_regime_score_ema_3,bounded_0_100_score,7970,7970,0.0,15.4798,18.3059,20.2003,21.3425,23.6831,26.4421,30.6985,35.8125,39.9376,52.0096,72.5723,27.8806,6.471,0.0,0.0,100.0,public_label_ok_raw_score_member_only,,
attention_regime_score_ema_7,bounded_0_100_score,7970,7970,0.0,17.4736,18.997,20.6792,21.855,24.0087,26.5834,30.4151,35.2294,38.79,49.9852,65.5673,27.8537,5.931,0.0,0.0,100.0,public_label_ok_raw_score_member_only,,
attention_regime_score_streak_down,bounded_0_100_score,7970,7970,0.0,0.0,0.0,0.0,0.0,0.0,1.0,2.0,3.0,4.0,6.0,33.0,0.9964,1.41,0.0,48.81,51.19,public_label_ok_raw_score_member_only,,
attention_regime_score_streak_up,bounded_0_100_score,7970,7970,0.0,0.0,0.0,0.0,0.0,0.0,0.0,1.0,2.0,3.0,5.0,9.0,0.8757,1.1886,0.0,51.39,48.61,public_label_ok_raw_score_member_only,,
boll_overlap_alert_quality_score,bounded_0_100_score,7970,7970,0.0,0.0,0.0,0.0,0.0,0.0,0.0,6.8837,40.4032,56.4526,84.7079,100.0,9.3073,19.449,0.0,66.8,33.2,public_label_ok_raw_score_member_only,,
boll_overlap_signal_strength_abs,bounded_0_100_score,7970,7970,0.0,0.0,0.0,0.0,0.0,0.0,0.0,14.3494,43.1981,58.3541,84.4283,100.0,11.108,20.4862,0.0,66.8,33.2,public_label_ok_raw_score_member_only,,
bollinger_attention_adjusted_score,bounded_0_100_score,7970,7970,0.0,0.6858,4.0318,21.6903,31.427,50.0,50.0,68.9043,80.151,88.1601,97.4028,99.8088,55.7317,19.0206,0.0,0.0,100.0,public_label_ok_raw_score_member_only,,
bollinger_attention_adjusted_score_ema_3,bounded_0_100_score,7970,7970,0.0,2.006,10.3296,22.36,35.7259,49.9974,50.0,68.8032,81.7304,87.8076,95.6662,98.0296,55.7322,18.3185,0.0,0.0,100.0,public_label_ok_raw_score_member_only,,
bollinger_attention_adjusted_score_ema_7,bounded_0_100_score,7970,7970,0.0,2.5242,11.4731,24.2601,37.0227,49.8048,50.0581,68.3402,81.4632,86.3384,93.0802,97.4417,55.728,17.6159,0.0,0.0,100.0,public_label_ok_raw_score_member_only,,
bollinger_attention_adjusted_score_streak_down,bounded_0_100_score,7970,7970,0.0,0.0,0.0,0.0,0.0,0.0,0.0,1.0,2.0,3.0,4.0,8.0,0.4974,0.9526,0.0,70.82,29.18,public_label_ok_raw_score_member_only,,
bollinger_attention_adjusted_score_streak_up,bounded_0_100_score,7970,7970,0.0,0.0,0.0,0.0,0.0,0.0,0.0,1.0,2.0,2.0,4.0,12.0,0.4897,0.9473,0.0,70.95,29.05,public_label_ok_raw_score_member_only,,
bollinger_strength_score,bounded_0_100_score,7970,7970,0.0,0.0,0.0,20.0,30.0,50.0,50.0,70.0,80.0,90.0,100.0,100.0,56.0038,20.0708,0.0,1.02,98.98,public_label_ok_raw_score_member_only,,
bollinger_strength_score_ema_3,bounded_0_100_score,7970,7970,0.0,0.0049,8.2908,20.3674,35.0,49.9999,50.0,69.9923,83.1581,89.9827,98.4091,100.0,56.0055,19.3077,0.0,0.0,100.0,public_label_ok_raw_score_member_only,,
bollinger_strength_score_ema_7,bounded_0_100_score,7970,7970,0.0,0.4238,9.6702,22.7474,37.0007,49.9749,50.0029,69.1278,83.0572,88.4742,95.4546,99.9509,56.0186,18.5054,0.0,0.0,100.0,public_label_ok_raw_score_member_only,,
bollinger_strength_score_streak_down,bounded_0_100_score,7970,7970,0.0,0.0,0.0,0.0,0.0,0.0,0.0,0.0,0.0,1.0,1.0,4.0,0.1073,0.344,0.0,90.29,9.71,public_label_ok_raw_score_member_only,,
bollinger_strength_score_streak_up,bounded_0_100_score,7970,7970,0.0,0.0,0.0,0.0,0.0,0.0,0.0,0.0,0.0,1.0,2.0,4.0,0.1143,0.3727,0.0,90.19,9.81,public_label_ok_raw_score_member_only,,
combined_normalized_score_100,bounded_0_100_score,7970,7907,0.79,0.3484,11.2884,26.86,32.7858,41.3232,50.9444,60.8693,70.4082,75.5661,88.822,99.4575,51.2026,15.138,0.0,0.0,100.0,public_label_ok_raw_score_member_only,,
combined_normalized_score_200,bounded_0_100_score,7970,7765,2.57,0.0,10.7043,27.313,33.1931,42.0,51.3453,60.419,68.5989,72.5701,82.4482,98.8887,50.8699,14.2171,0.0,0.03,99.97,public_label_ok_raw_score_member_only,,
combined_normalized_score_21,bounded_0_100_score,7970,7935,0.44,2.0295,14.8173,25.1065,29.4251,38.5882,47.7358,58.6016,68.6409,74.2438,86.5334,99.3375,48.6603,15.1161,0.0,0.0,100.0,public_label_ok_raw_score_member_only,,
combined_normalized_score_50,bounded_0_100_score,7970,7935,0.44,2.0656,13.247,25.6149,30.624,39.5784,49.542,60.6886,70.1513,75.0739,87.259,99.6223,49.9739,15.4124,0.0,0.0,100.0,public_label_ok_raw_score_member_only,,
combined_normalized_score_7,bounded_0_100_score,7970,7935,0.44,0.1412,13.7934,24.6929,29.2208,37.6633,47.3073,57.6289,67.4879,73.9016,86.428,100.0,47.9425,15.1045,0.0,0.0,100.0,public_label_ok_raw_score_member_only,,
consecutive_count_macd_price_divergence,bounded_0_100_score,7970,7970,0.0,0.0,0.0,0.0,0.0,0.0,0.0,0.0,0.0,0.0,1.0,4.0,0.0577,0.2863,0.0,95.4,4.6,public_label_ok_raw_score_member_only,,
ma_attention_adjusted_score,bounded_0_100_score,7970,7970,0.0,3.7363,6.2966,7.4312,8.4059,19.9467,50.0,73.4773,90.0037,92.0681,93.6619,97.4853,46.0142,29.3128,0.0,0.0,100.0,public_label_ok_raw_score_member_only,,
ma_attention_adjusted_score_ema_3,bounded_0_100_score,7970,7970,0.0,6.176,10.9376,18.1096,23.6452,33.4847,46.196,57.5525,69.2336,75.3061,84.141,91.9511,46.0206,17.0158,0.0,0.0,100.0,public_label_ok_raw_score_member_only,,
ma_attention_adjusted_score_ema_7,bounded_0_100_score,7970,7970,0.0,9.3458,18.2807,25.8346,30.1535,37.8468,46.1883,53.8671,61.7254,66.6057,74.2726,85.795,46.0305,12.1331,0.0,0.0,100.0,public_label_ok_raw_score_member_only,,
ma_attention_adjusted_score_streak_down,bounded_0_100_score,7970,7970,0.0,0.0,0.0,0.0,0.0,0.0,0.0,1.0,2.0,2.0,3.0,6.0,0.6541,0.8483,0.0,53.76,46.24,public_label_ok_raw_score_member_only,,
ma_attention_adjusted_score_streak_up,bounded_0_100_score,7970,7970,0.0,0.0,0.0,0.0,0.0,0.0,0.0,1.0,2.0,2.0,3.0,6.0,0.632,0.839,0.0,54.98,45.02,public_label_ok_raw_score_member_only,,
ma_combined_strength_trend_score,bounded_0_100_score,7970,7970,0.0,0.0,0.0,0.0,0.0,12.0,30.0,88.0,100.0,100.0,100.0,100.0,47.9029,37.9375,0.0,17.52,82.48,public_label_ok_raw_score_member_only,,
ma_combined_strength_trend_score_ema_3,bounded_0_100_score,7970,7970,0.0,0.0,0.0305,10.5568,18.2557,31.0905,47.7823,64.1399,77.6236,84.6571,92.8152,99.0102,47.7963,22.2375,0.0,0.53,99.47,public_label_ok_raw_score_member_only,,
ma_combined_strength_trend_score_ema_7,bounded_0_100_score,7970,7970,0.0,0.0,0.8446,18.8823,25.8809,36.3434,47.9647,59.5785,69.2353,74.1321,82.4972,93.1149,47.5267,16.9873,0.0,0.53,99.47,public_label_ok_raw_score_member_only,,
ma_combined_strength_trend_score_streak_down,bounded_0_100_score,7970,7970,0.0,0.0,0.0,0.0,0.0,0.0,0.0,1.0,1.0,1.0,2.0,4.0,0.3992,0.5835,0.0,64.73,35.27,public_label_ok_raw_score_member_only,,
ma_combined_strength_trend_score_streak_up,bounded_0_100_score,7970,7970,0.0,0.0,0.0,0.0,0.0,0.0,0.0,1.0,1.0,1.0,2.0,4.0,0.4054,0.5884,0.0,64.32,35.68,public_label_ok_raw_score_member_only,,
ma_strength_breadth_count,bounded_0_100_score,7970,7970,0.0,0.0,0.0,0.0,0.0,0.0,3.0,5.0,5.0,5.0,5.0,5.0,2.5085,2.0113,0.0,28.67,71.33,public_label_ok_raw_score_member_only,,
ma_strength_distance_score,bounded_0_100_score,7970,6530,18.07,37.5,37.5,39.6235,41.8737,45.2919,50.1185,55.2505,57.5063,59.0345,62.5,62.5,50.0264,6.0771,0.0,0.0,100.0,public_label_ok_raw_score_member_only,,
ma_strength_enhanced_score,bounded_0_100_score,7970,6530,18.07,16.875,16.875,18.0573,19.2713,21.7033,54.0524,77.4411,80.5279,81.1297,83.0039,83.125,50.2814,24.2825,0.0,0.0,100.0,public_label_ok_raw_score_member_only,,
ma_strength_enhanced_score_ema_3,bounded_0_100_score,7970,7962,0.1,16.875,17.3379,19.1931,20.1274,25.8822,50.539,71.9916,80.1952,80.7956,82.0538,83.125,49.9565,22.8141,0.0,0.0,100.0,public_label_ok_raw_score_member_only,,
ma_strength_enhanced_score_ema_7,bounded_0_100_score,7970,7962,0.1,16.875,17.7584,19.668,20.5752,27.4098,49.9989,70.5183,79.9399,80.6536,81.6614,83.125,49.8836,22.0925,0.0,0.0,100.0,public_label_ok_raw_score_member_only,,
ma_strength_enhanced_score_streak_down,bounded_0_100_score,7970,7970,0.0,0.0,0.0,0.0,0.0,0.0,0.0,1.0,2.0,2.0,4.0,8.0,0.5491,0.8906,0.0,63.86,36.14,public_label_ok_raw_score_member_only,,
ma_strength_enhanced_score_streak_up,bounded_0_100_score,7970,7970,0.0,0.0,0.0,0.0,0.0,0.0,0.0,1.0,2.0,2.0,4.0,7.0,0.529,0.8539,0.0,64.38,35.62,public_label_ok_raw_score_member_only,,
ma_strength_score,bounded_0_100_score,7970,7970,0.0,1.0,1.0,1.0,1.0,1.0,60.0,100.0,100.0,100.0,100.0,100.0,50.4573,39.8685,0.0,0.0,100.0,public_label_ok_raw_score_member_only,,
ma_strength_score_raw,bounded_0_100_score,7970,7970,0.0,0.0,0.0,0.0,0.0,0.0,60.0,100.0,100.0,100.0,100.0,100.0,50.1706,40.2252,0.0,28.67,71.33,internal_only,,
ma_trend_score,bounded_0_100_score,7970,7970,0.0,0.0,0.0,0.0,0.0,0.0,0.0,100.0,100.0,100.0,100.0,100.0,46.931,49.0819,0.0,51.12,48.88,public_label_ok_raw_score_member_only,,
macd_attention_adjusted_score,bounded_0_100_score,7970,7970,0.0,19.0751,21.5777,30.9721,40.1489,50.0,59.4756,69.7111,79.7399,88.4673,98.1998,100.0,59.2244,17.4997,0.0,0.0,100.0,public_label_ok_raw_score_member_only,,
macd_attention_adjusted_score_ema_3,bounded_0_100_score,7970,7970,0.0,23.6163,30.0824,36.0665,40.0443,48.7638,59.1218,69.6789,78.7373,83.1218,90.0463,96.0689,59.2192,14.3532,0.0,0.0,100.0,public_label_ok_raw_score_member_only,,
macd_attention_adjusted_score_ema_7,bounded_0_100_score,7970,7970,0.0,27.276,34.5258,39.2975,42.8953,50.0464,59.247,68.3422,75.7609,79.2373,84.1136,91.5734,59.2154,12.1569,0.0,0.0,100.0,public_label_ok_raw_score_member_only,,
macd_attention_adjusted_score_streak_down,bounded_0_100_score,7970,7970,0.0,0.0,0.0,0.0,0.0,0.0,0.0,1.0,2.0,3.0,4.0,8.0,0.7735,1.0414,0.0,52.18,47.82,public_label_ok_raw_score_member_only,,
macd_attention_adjusted_score_streak_up,bounded_0_100_score,7970,7970,0.0,0.0,0.0,0.0,0.0,0.0,0.0,1.0,2.0,3.0,4.0,8.0,0.7762,1.0232,0.0,51.72,48.28,public_label_ok_raw_score_member_only,,
macd_attention_multiplier,bounded_0_100_score,7970,7970,0.0,0.8647,0.9085,0.9218,0.9289,0.9392,0.9511,0.9673,0.9888,1.0054,1.0483,1.1572,0.9557,0.0266,0.0,0.0,100.0,public_label_ok_raw_score_member_only,,
macd_signal_strength_score,bounded_0_100_score,7970,7970,0.0,1.0,1.0,12.5,25.0,37.5,50.0,62.5,75.0,87.5,100.0,100.0,49.4955,22.7645,0.0,0.0,100.0,public_label_ok_raw_score_member_only,,
macd_signal_strength_score_ema_3,bounded_0_100_score,7970,7970,0.0,3.6213,11.59,19.2221,24.4246,35.9393,49.5473,63.0831,75.1859,80.4407,88.7414,97.5072,49.5132,18.6765,0.0,0.0,100.0,public_label_ok_raw_score_member_only,,
macd_signal_strength_score_ema_7,bounded_0_100_score,7970,7970,0.0,7.859,17.4319,23.5331,28.1914,37.5264,49.6487,61.5045,71.1156,75.4589,81.3014,91.7395,49.524,15.8359,0.0,0.0,100.0,public_label_ok_raw_score_member_only,,
macd_signal_strength_score_streak_down,bounded_0_100_score,7970,7970,0.0,0.0,0.0,0.0,0.0,0.0,0.0,1.0,1.0,2.0,3.0,4.0,0.4272,0.6642,0.0,65.83,34.17,public_label_ok_raw_score_member_only,,
macd_signal_strength_score_streak_up,bounded_0_100_score,7970,7970,0.0,0.0,0.0,0.0,0.0,0.0,0.0,1.0,1.0,2.0,3.0,5.0,0.4147,0.6576,0.0,66.61,33.39,public_label_ok_raw_score_member_only,,
sent_ribbon_regime_score,bounded_0_100_score,7970,7970,0.0,0.0,10.5706,19.0622,25.0,37.5033,54.6642,68.1803,77.0102,82.1463,89.9762,100.0,53.1878,19.3103,0.0,0.04,99.96,public_label_ok_raw_score_member_only,,
sent_ribbon_stack_score,bounded_0_100_score,7970,7943,0.34,0.0,0.0,0.0,0.0,25.0,50.0,75.0,100.0,100.0,100.0,100.0,55.6213,31.6173,0.0,11.43,88.57,public_label_ok_raw_score_member_only,,
signal_consensus_attention_adjusted_score,bounded_0_100_score,7970,7970,0.0,19.7974,29.3678,34.4778,37.8055,44.5853,52.6068,61.6019,69.565,73.5107,79.4643,87.6881,53.1406,11.7801,0.0,0.0,100.0,public_label_ok_raw_score_member_only,,
signal_consensus_attention_adjusted_score_ema_3,bounded_0_100_score,7970,7970,0.0,26.0804,33.2457,38.983,41.7161,46.9122,52.8782,59.2132,65.0705,68.3236,73.2249,81.7949,53.1419,8.9095,0.0,0.0,100.0,public_label_ok_raw_score_member_only,,
signal_consensus_attention_adjusted_score_ema_7,bounded_0_100_score,7970,7970,0.0,30.0814,35.7429,40.7123,43.4459,47.6183,52.9479,58.5121,63.4336,66.065,69.951,75.1908,53.1417,7.6858,0.0,0.0,100.0,public_label_ok_raw_score_member_only,,
signal_consensus_attention_adjusted_score_streak_down,bounded_0_100_score,7970,7970,0.0,0.0,0.0,0.0,0.0,0.0,1.0,1.0,2.0,2.0,4.0,7.0,0.7504,0.9158,0.0,49.23,50.77,public_label_ok_raw_score_member_only,,
signal_consensus_attention_adjusted_score_streak_up,bounded_0_100_score,7970,7970,0.0,0.0,0.0,0.0,0.0,0.0,0.0,1.0,2.0,2.0,3.0,12.0,0.7087,0.8834,0.0,50.83,49.17,public_label_ok_raw_score_member_only,,
signal_consensus_score,bounded_0_100_score,7970,7970,0.0,19.4777,29.0426,34.1551,37.5517,44.4008,52.63,61.769,69.9715,73.6238,79.8071,88.1768,53.1628,11.9923,0.0,0.0,100.0,public_label_ok_raw_score_member_only,,
signal_consensus_score_ema_3,bounded_0_100_score,7970,7970,0.0,25.2281,32.9218,38.7142,41.4754,46.8376,52.9463,59.3709,65.2845,68.6632,73.6257,81.3127,53.171,9.0695,0.0,0.0,100.0,public_label_ok_raw_score_member_only,,
signal_consensus_score_ema_7,bounded_0_100_score,7970,7970,0.0,29.4132,35.4692,40.4734,43.3178,47.5797,53.0012,58.6307,63.5678,66.3847,70.366,74.9728,53.1773,7.816,0.0,0.0,100.0,public_label_ok_raw_score_member_only,,
signal_consensus_score_streak_down,bounded_0_100_score,7970,7970,0.0,0.0,0.0,0.0,0.0,0.0,0.0,1.0,2.0,2.0,3.0,6.0,0.7048,0.8807,0.0,51.22,48.78,public_label_ok_raw_score_member_only,,
signal_consensus_score_streak_up,bounded_0_100_score,7970,7970,0.0,0.0,0.0,0.0,0.0,0.0,0.0,1.0,2.0,2.0,3.0,6.0,0.6735,0.8497,0.0,52.35,47.65,public_label_ok_raw_score_member_only,,
macd_cross_significance,numeric_other,7970,7970,0.0,-2.9241,0.0,0.0,0.0,0.0,0.0,0.0,0.0,0.0,0.0,0.0,-0.0162,0.1922,0.72,99.28,0.0,internal_review,,
attention_aligned_consensus_score_delta_1d,signed_numeric,7970,7969,0.01,-22.9604,-17.3108,-13.8977,-11.2618,-5.7464,-0.11,5.8322,11.4826,13.6335,16.9932,25.6802,0.0021,8.2937,50.83,0.01,49.15,internal_review,,
attention_aligned_consensus_score_delta_3d,signed_numeric,7970,7967,0.04,-28.4097,-19.4103,-14.6029,-11.6489,-5.9021,-0.0553,5.8391,11.5273,14.6894,19.92,33.9189,0.0087,8.7373,50.35,0.0,49.65,internal_review,,
attention_level_score_delta_1d,signed_numeric,7970,7969,0.01,-32.3695,-14.2466,-9.3275,-6.8565,-3.292,-0.129,2.7632,6.5907,9.8389,20.9185,42.852,0.0278,6.1892,51.86,0.19,47.95,internal_review,,
attention_level_score_delta_3d,signed_numeric,7970,7967,0.04,-40.8781,-23.4597,-14.9409,-10.7539,-5.1274,-0.2892,4.8056,11.2693,16.3683,28.2629,70.1605,0.0744,9.5856,52.19,0.11,47.7,internal_review,,
attention_regime_score_delta_1d,signed_numeric,7970,7969,0.01,-19.0321,-7.9932,-5.322,-3.8736,-1.8477,-0.0513,1.5768,3.5971,5.4869,11.6523,27.3277,0.0143,3.4772,51.2,0.19,48.61,internal_review,,
attention_regime_score_delta_3d,signed_numeric,7970,7967,0.04,-24.2116,-13.6025,-8.4242,-6.1184,-2.8779,-0.0844,2.6286,6.2214,9.2355,16.1133,45.7573,0.0437,5.4754,50.99,0.11,48.9,internal_review,,
boll_overlap_signal_strength,signed_numeric,7970,7970,0.0,-100.0,-65.0366,-23.7922,0.0,0.0,0.0,0.0,31.8261,49.7884,78.7012,100.0,3.3131,21.5702,7.11,79.55,13.34,internal_review,,
bollinger_attention_adjusted_score_delta_1d,signed_numeric,7970,7969,0.01,-48.8172,-27.7584,-9.6336,-0.937,-0.0393,0.0,0.0358,1.5132,9.6009,27.8328,67.8632,-0.0014,7.2198,29.19,41.76,29.05,internal_review,,
bollinger_attention_adjusted_score_delta_3d,signed_numeric,7970,7967,0.04,-75.6844,-29.8828,-18.768,-9.5395,-0.1313,0.0,0.1101,9.4993,18.8056,37.2944,77.1148,-0.0056,10.631,31.08,39.14,29.79,internal_review,,
bollinger_strength_score_delta_1d,signed_numeric,7970,7943,0.34,-50.0,-30.0,-10.0,0.0,0.0,0.0,0.0,0.0,10.0,30.0,70.0,0.0025,7.4343,9.74,80.41,9.85,internal_review,,
bollinger_strength_score_delta_3d,signed_numeric,7970,7889,1.02,-80.0,-30.0,-20.0,-10.0,0.0,0.0,0.0,10.0,20.0,40.0,80.0,-0.0114,10.9093,16.01,68.68,15.31,internal_review,,
combined_macd_histogram,signed_numeric,7970,7970,0.0,-1929.8991,-516.2824,-14.0547,-3.2562,-0.6967,0.0013,0.9638,4.2901,13.5782,483.5171,1131.1233,-1.2867,128.1527,48.93,0.0,51.07,internal_review,,
combined_macd_histogram_acceleration_3,signed_numeric,7970,7970,0.0,-1889.8394,-594.9189,-18.7088,-5.506,-1.0437,-0.0008,0.9963,5.2589,18.6713,546.8027,1976.134,0.4303,157.3078,50.49,0.0,49.51,internal_review,,
combined_macd_histogram_slope_3,signed_numeric,7970,7970,0.0,-1518.8992,-387.2899,-12.3009,-3.4177,-0.7218,-0.0001,0.6681,3.4083,11.7825,428.6654,1224.2999,-0.2106,108.3623,50.13,0.0,49.87,internal_review,,
combined_macd_signal,signed_numeric,7970,7970,0.0,-4914.7695,-1868.7343,-92.5994,-17.4279,-3.3472,-0.0152,2.6668,11.7646,23.048,252.0638,2905.9114,-43.1398,375.4572,53.06,0.0,46.94,internal_review,,
ma_attention_adjusted_score_delta_1d,signed_numeric,7970,7969,0.01,-85.6874,-75.6348,-67.398,-64.0877,-26.8809,0.0,25.7511,64.0763,67.1846,74.6141,85.3666,0.0022,42.5067,46.24,8.73,45.02,internal_review,,
ma_attention_adjusted_score_delta_3d,signed_numeric,7970,7967,0.04,-88.5947,-75.6937,-65.7764,-63.4143,-26.3985,0.0,26.3652,63.4486,66.2339,76.3715,86.3846,-0.0461,40.334,48.58,3.63,47.8,internal_review,,
ma_combined_strength_trend_score_delta_1d,signed_numeric,7970,7943,0.34,-100.0,-94.0,-76.0,-70.0,-70.0,0.0,70.0,74.8,76.0,94.0,100.0,0.0928,55.9514,35.39,28.81,35.81,internal_review,,
ma_combined_strength_trend_score_delta_3d,signed_numeric,7970,7889,1.02,-100.0,-88.0,-76.0,-70.0,-24.0,0.0,24.0,70.0,76.0,94.0,100.0,0.0939,50.7845,32.98,33.48,33.54,internal_review,,
ma_strength_distance_score_raw,signed_numeric,7970,6530,18.07,-0.5,-0.5,-0.4151,-0.3251,-0.1883,0.0047,0.21,0.3003,0.3614,0.5,0.5,0.0011,0.2431,49.26,0.0,50.74,internal_only,,
ma_strength_enhanced_score_delta_1d,signed_numeric,7970,5780,27.48,-63.0591,-48.8383,-23.7205,-12.2489,-0.8189,0.0,0.9314,12.4451,23.636,47.1807,63.8543,0.0625,14.0711,49.83,1.06,49.12,internal_review,,
ma_strength_enhanced_score_delta_3d,signed_numeric,7970,5329,33.14,-62.9713,-51.1006,-24.3235,-12.8579,-1.1771,0.0,1.2519,12.8516,24.2666,55.0,62.6519,0.0529,15.3302,49.78,0.71,49.5,internal_review,,
macd,signed_numeric,7970,7962,0.1,-5921.213,-1774.2722,-41.945,-11.1563,-2.795,-0.0045,2.9532,10.7633,25.8224,1069.8809,3404.0272,-23.4869,455.1219,51.31,0.45,48.24,internal_review,,
macd_acceleration_3,signed_numeric,7970,7800,2.13,-2146.7555,-483.4985,-7.9253,-2.8633,-0.7069,0.0,0.7258,3.0678,7.5317,434.0223,1714.6513,-0.4769,132.488,49.41,0.62,49.97,internal_review,,
macd_attention_adjusted_score_delta_1d,signed_numeric,7970,7969,0.01,-58.6091,-38.244,-28.3505,-19.1355,-9.5429,0.0,9.5134,19.2037,28.344,38.2819,57.88,0.0028,15.4978,47.82,3.89,48.29,internal_review,,
macd_attention_adjusted_score_delta_3d,signed_numeric,7970,7967,0.04,-59.2913,-40.3229,-29.6187,-28.0333,-9.9916,0.0,9.931,28.1329,29.6815,46.7678,59.6885,0.0183,19.297,48.6,2.52,48.88,internal_review,,
macd_component_divergence,signed_numeric,7970,7970,0.0,-0.5,-0.5,-0.5,-0.5,0.0,0.0,0.0,0.5,0.5,0.5,0.5,-0.0014,0.2872,16.64,67.0,16.36,internal_only,,
macd_component_price_trend,signed_numeric,7970,7970,0.0,-0.5,-0.5,-0.5,-0.5,-0.5,0.0,0.5,0.5,0.5,0.5,0.5,-0.005,0.4258,36.76,27.48,35.76,internal_only,,
macd_histogram,signed_numeric,7970,7962,0.1,-2254.1175,-488.3383,-7.6218,-2.89,-0.5471,0.0105,0.9333,3.7662,10.4684,574.2032,1284.9444,0.8837,135.5958,44.91,0.45,54.63,internal_review,,
macd_histogram_acceleration_3,signed_numeric,7970,7800,2.13,-1327.8816,-349.1428,-6.9235,-2.3643,-0.5857,-0.0005,0.5698,2.3667,6.0988,391.7327,1620.912,-0.2883,105.1056,50.83,0.0,49.17,internal_review,,
macd_histogram_slope_3,signed_numeric,7970,7881,1.12,-1612.3444,-313.4715,-5.2634,-1.8454,-0.4691,0.0002,0.4926,2.0256,5.2441,302.6885,1068.1694,-0.1791,88.9828,49.46,0.0,50.54,internal_review,,
macd_signal,signed_numeric,7970,7962,0.1,-5264.8134,-1690.613,-38.8719,-10.7672,-2.7314,-0.0066,2.7069,10.005,24.247,911.2736,2905.9114,-24.3706,427.5826,51.97,0.45,47.58,internal_review,,
macd_signal_cross,signed_numeric,7970,7970,0.0,-1.0,-1.0,0.0,0.0,0.0,0.0,0.0,0.0,0.0,1.0,1.0,-0.0006,0.1688,1.46,97.15,1.39,internal_review,,
macd_signal_difference,signed_numeric,7970,7935,0.44,-3389.9335,-910.5601,-52.1055,-23.8573,-3.4873,0.0071,5.8236,24.295,142.7723,1942.2446,6025.455,37.7527,470.6713,49.07,0.0,50.93,internal_review,,
macd_signal_difference_mean,signed_numeric,7970,7584,4.84,-2857.4488,-967.7175,-53.4498,-23.9302,-3.6964,-0.0007,5.584,24.1338,146.4467,1751.8223,5666.7996,35.2908,448.6137,50.04,0.0,49.96,internal_review,,
macd_signal_difference_std_deviation,signed_numeric,7970,7584,4.84,-3.0493,-2.4602,-2.0874,-1.8349,-1.2707,0.1599,1.3424,1.8424,2.0644,2.4304,2.8339,0.0469,1.4158,47.75,0.0,52.25,internal_review,,
macd_signal_strength_score_delta_1d,signed_numeric,7970,7943,0.34,-75.0,-50.0,-37.5,-25.0,-12.5,0.0,12.5,25.0,37.5,50.0,75.0,-0.0236,20.1892,34.28,32.22,33.5,internal_review,,
macd_signal_strength_score_delta_3d,signed_numeric,7970,7889,1.02,-75.0,-50.0,-37.5,-37.5,-12.5,0.0,12.5,37.5,37.5,61.5,75.0,-0.0742,25.0664,40.04,20.18,39.78,internal_review,,
macd_signal_strength_score_raw,signed_numeric,7970,7970,0.0,-1.5,-1.5,-1.0,-0.5,0.0,0.5,1.0,1.5,2.0,2.5,2.5,0.479,0.9122,24.37,15.18,60.45,internal_only,,
macd_signal_trend_reversal,signed_numeric,7970,7970,0.0,-3.0493,-2.4438,-2.067,0.0,0.0,0.0,0.0,0.0,2.0536,2.4273,2.8339,-0.005,0.7899,6.25,87.69,6.06,internal_review,,
macd_slope_3,signed_numeric,7970,7881,1.12,-2185.4689,-457.8484,-7.6465,-2.8425,-0.5425,0.0061,0.8891,3.6061,10.3751,552.0673,1564.816,0.5068,141.1594,45.18,1.29,53.52,internal_review,,
rsi_acceleration_3,signed_numeric,7970,7292,8.51,-56.507,-26.8955,-17.8137,-13.4508,-6.8838,0.0,6.7793,13.3957,17.8776,26.7348,56.9559,-0.0182,10.9209,49.97,0.66,49.37,internal_review,,
rsi_attention_adjusted_score_delta_1d,signed_numeric,7970,7969,0.01,-30.0686,-19.6158,-10.6244,-9.2742,-0.1099,0.0,0.109,9.2574,10.6211,19.5608,39.3369,-0.0071,7.0701,46.12,6.91,46.97,internal_review,,
rsi_attention_adjusted_score_delta_3d,signed_numeric,7970,7967,0.04,-46.5151,-24.7335,-16.0663,-10.589,-5.2963,0.0,5.2612,10.6066,16.1124,25.1292,45.1494,-0.0057,9.6938,46.88,6.21,46.91,internal_review,,
rsi_combined_strength_score_delta_1d,signed_numeric,7970,7943,0.34,-50.0,-33.3333,-16.6667,-16.6667,0.0,0.0,0.0,16.6667,16.6667,33.3333,65.6667,-0.021,11.7265,21.79,56.44,21.77,internal_review,,
rsi_combined_strength_score_delta_3d,signed_numeric,7970,7889,1.02,-66.6667,-33.3333,-25.0,-16.6667,-8.3333,0.0,8.3333,16.6667,25.0,33.3333,66.6667,-0.0317,15.8875,29.29,41.72,28.99,internal_review,,
rsi_component_both_extreme,signed_numeric,7970,7970,0.0,-0.5,0.0,0.0,0.0,0.0,0.0,0.0,0.0,0.0,0.0,0.5,0.0001,0.0202,0.08,99.84,0.09,internal_only,,
rsi_component_compare,signed_numeric,7970,7970,0.0,-0.5,-0.5,-0.5,-0.5,-0.5,0.5,0.5,0.5,0.5,0.5,0.5,0.0514,0.4766,40.82,8.09,51.09,internal_only,,
rsi_component_divergence,signed_numeric,7970,7970,0.0,-1.5,-0.5,0.0,0.0,0.0,0.0,0.0,0.0,0.0,0.5,1.5,-0.0024,0.1343,2.69,94.99,2.32,internal_only,,
rsi_component_level,signed_numeric,7970,7970,0.0,-1.0,-1.0,-1.0,-1.0,0.0,0.0,0.0,1.0,1.0,1.0,1.0,-0.0075,0.5466,15.32,70.11,14.57,internal_only,,
rsi_component_zone,signed_numeric,7970,7970,0.0,-1.0,0.0,0.0,0.0,0.0,0.0,0.0,0.0,0.0,1.0,1.0,0.0035,0.1344,0.73,98.19,1.08,internal_only,,
rsi_difference,signed_numeric,7970,7325,8.09,-47.9959,-30.6839,-22.8496,-18.3237,-10.7867,-2.1067,8.3793,19.518,25.0187,38.3279,67.2155,-0.6466,14.7354,55.59,0.0,44.41,internal_review,,
rsi_difference_mean,signed_numeric,7970,6974,12.5,-40.8849,-25.0583,-19.8132,-15.9887,-9.5899,-1.9882,6.0705,16.7883,21.1004,32.3613,45.4268,-0.9764,12.5159,56.21,0.0,43.79,internal_review,,
rsi_difference_std_deviation,signed_numeric,7970,6969,12.56,-3.3448,-2.3768,-1.8618,-1.5116,-0.9191,0.0301,0.9763,1.5818,1.8991,2.3824,3.2828,0.0243,1.1821,49.33,0.0,50.67,internal_review,,
rsi_slope_3,signed_numeric,7970,7373,7.49,-43.581,-21.6765,-12.3052,-8.8412,-3.8718,0.0,4.0777,9.1512,12.2614,18.6297,45.7527,0.0146,7.5053,44.73,9.34,45.92,internal_review,,
rsi_strength_score_raw,signed_numeric,7970,7970,0.0,-2.0,-1.0,-0.5,-0.5,-0.5,0.0,0.5,0.5,0.5,1.5,2.0,0.045,0.5412,41.07,9.65,49.28,internal_only,,
signal_consensus_attention_adjusted_score_delta_1d,signed_numeric,7970,7969,0.01,-37.0537,-27.5863,-21.9336,-18.4768,-9.1003,-0.0122,9.3569,18.5407,21.8666,27.2119,33.1413,-0.0023,13.2884,50.77,0.05,49.18,internal_review,,
signal_consensus_attention_adjusted_score_delta_3d,signed_numeric,7970,7967,0.04,-48.5107,-29.3631,-22.8822,-18.3625,-9.216,-0.0367,9.134,18.1039,22.8271,29.4912,44.3176,-0.0086,13.5356,50.5,0.0,49.5,internal_review,,
signal_consensus_score_delta_1d,signed_numeric,7970,7943,0.34,-36.8527,-28.1357,-22.2854,-18.8149,-9.3092,0.0,9.6553,18.8182,22.2706,27.7865,34.3536,-0.0077,13.5318,48.95,3.24,47.82,internal_review,,
signal_consensus_score_delta_3d,signed_numeric,7970,7889,1.02,-49.4159,-29.7175,-23.4214,-18.7598,-9.4748,-0.01,9.247,18.6683,23.362,29.7529,45.9502,-0.0219,13.7651,50.2,0.48,49.32,internal_review,,
stoch_rsi_both_extreme_counter,signed_numeric,7970,7970,0.0,-9.0,-3.0,0.0,0.0,0.0,0.0,0.0,0.0,0.0,3.0,17.0,0.0146,0.8946,3.74,92.22,4.04,internal_review,,
stoch_rsi_difference,signed_numeric,7970,6886,13.6,-100.0,-83.5128,-62.3662,-50.9385,-28.0369,0.7421,30.2074,54.2298,65.8556,85.4256,100.0,1.1585,39.4551,48.88,0.3,50.81,internal_review,,
stoch_rsi_difference_mean,signed_numeric,7970,6522,18.17,-72.6241,-56.2829,-40.8072,-33.9609,-18.0407,1.5573,19.7788,34.65,43.8464,60.5401,82.3417,1.0755,26.1788,48.1,0.0,51.9,internal_review,,
stoch_rsi_difference_std_deviation,signed_numeric,7970,6522,18.17,-3.1874,-2.4109,-1.9218,-1.5987,-0.9884,-0.001,1.0073,1.6372,1.9784,2.4566,2.9303,0.0139,1.224,50.0,0.0,50.0,internal_review,,
stochastic_rsi_acceleration_3,signed_numeric,7970,6867,13.84,-150.1276,-93.4506,-66.4167,-50.4441,-25.3895,0.0,24.5778,50.6588,66.7445,94.4079,153.3511,-0.286,39.6032,49.95,2.2,47.85,internal_review,,
stochastic_rsi_component_compare,signed_numeric,7970,7970,0.0,-0.5,-0.5,-0.5,-0.5,-0.5,0.0,0.5,0.5,0.5,0.5,0.5,-0.0083,0.464,43.9,13.86,42.23,internal_only,,
stochastic_rsi_component_cross,signed_numeric,7970,7970,0.0,-0.5,-0.5,-0.5,-0.5,-0.5,0.0,0.5,0.5,0.5,0.5,0.5,0.0016,0.4435,39.17,21.33,39.5,internal_only,,
stochastic_rsi_component_extreme,signed_numeric,7970,7970,0.0,-0.5,-0.5,0.0,0.0,0.0,0.0,0.0,0.0,0.0,0.5,0.5,0.0015,0.1394,3.74,92.22,4.04,internal_only,,
stochastic_rsi_component_level,signed_numeric,7970,7970,0.0,-1.0,-1.0,-1.0,-1.0,-1.0,0.0,1.0,1.0,1.0,1.0,1.0,0.03,0.7995,30.5,36.0,33.5,internal_only,,
stochastic_rsi_slope_3,signed_numeric,7970,6948,12.82,-100.0,-72.8802,-49.4352,-36.8193,-15.2804,0.0,15.2418,34.8356,49.355,74.2364,100.0,-0.0132,28.8106,46.62,6.1,47.28,internal_review,,
stochastic_rsi_strength_score_raw,signed_numeric,7970,7970,0.0,-2.0,-1.5,-1.0,-0.5,-0.5,0.0,0.5,0.5,1.0,2.0,2.0,0.0231,0.6343,42.2,12.18,45.62,internal_only,,
attention_aligned_consensus_score_signed,signed_score,7970,7970,0.0,-53.8419,-34.5036,-27.0023,-22.2297,-13.2672,-3.0317,8.8342,19.8806,25.3003,35.7976,57.6721,-1.9847,15.8989,57.47,0.0,42.53,public_label_ok_raw_score_member_only,,
attention_conviction_score_signed,signed_score,7970,7970,0.0,-61.0675,-32.3119,-21.5688,-15.7363,-7.2408,1.9001,12.8732,24.3682,32.4462,54.8362,100.0,3.5119,17.0382,44.32,0.54,55.14,public_label_ok_raw_score_member_only,,
attention_conviction_score_signed_delta_1d,signed_score,7970,7969,0.01,-57.576,-24.4016,-15.1835,-10.9737,-5.5498,-0.069,5.1304,10.998,15.8295,27.601,51.0677,0.0104,9.63,50.52,0.21,49.27,public_label_ok_raw_score_member_only,,
attention_conviction_score_signed_delta_3d,signed_score,7970,7967,0.04,-74.1055,-36.1647,-23.9987,-17.6857,-8.991,-0.1774,8.5723,18.1262,24.8437,39.7383,88.6226,0.0585,14.8547,50.68,0.11,49.2,public_label_ok_raw_score_member_only,,
attention_conviction_score_signed_ema_3,signed_score,7970,7970,0.0,-46.1434,-28.9691,-19.2205,-13.826,-6.2656,2.088,11.7435,22.3656,29.911,50.9514,95.4892,3.4944,15.4787,43.84,0.01,56.15,public_label_ok_raw_score_member_only,,
attention_conviction_score_signed_ema_7,signed_score,7970,7970,0.0,-41.3341,-25.2832,-16.0521,-12.0302,-5.4079,2.1617,10.4618,20.7128,27.3175,45.7024,79.4733,3.4559,13.8327,42.45,0.01,57.54,public_label_ok_raw_score_member_only,,
bollinger_attention_adjusted_score_signed,signed_score,7970,7970,0.0,-98.6284,-91.9363,-56.6195,-37.1459,0.0,0.0,37.8085,60.302,76.3202,94.8056,99.6177,11.4634,38.0412,16.73,45.68,37.59,public_label_ok_raw_score_member_only,,
bollinger_strength_score_signed,signed_score,7970,7970,0.0,-100.0,-100.0,-60.0,-40.0,0.0,0.0,40.0,60.0,80.0,100.0,100.0,12.0075,40.1417,16.73,45.68,37.59,public_label_ok_raw_score_member_only,,
ma_attention_adjusted_score_signed,signed_score,7970,7970,0.0,-92.5273,-87.4067,-85.1377,-83.1882,-60.1065,0.0,46.9545,80.0074,84.1362,87.3239,94.9707,-7.9716,58.6256,47.85,18.07,34.08,public_label_ok_raw_score_member_only,,
ma_combined_strength_trend_score_signed,signed_score,7970,6530,18.07,-88.1875,-88.1875,-86.9128,-86.0333,-69.6155,-43.7282,59.8758,84.9366,86.4214,87.8772,88.1875,-10.2563,65.9725,58.41,0.0,41.59,public_label_ok_raw_score_member_only,,
ma_strength_distance_score_signed,signed_score,7970,6530,18.07,-25.0,-25.0,-20.753,-16.2526,-9.4161,0.237,10.501,15.0126,18.0691,25.0,25.0,0.0527,12.1543,49.26,0.0,50.74,public_label_ok_raw_score_member_only,,
ma_strength_enhanced_score_signed,signed_score,7970,6530,18.07,-66.25,-66.25,-63.8854,-61.4574,-56.5934,8.1049,54.8821,61.0558,62.2594,66.0078,66.25,0.5628,48.565,48.85,0.0,51.15,public_label_ok_raw_score_member_only,,
ma_strength_score_signed,signed_score,7970,7970,0.0,-100.0,-100.0,-100.0,-100.0,-100.0,20.0,100.0,100.0,100.0,100.0,100.0,0.3413,80.4503,49.15,0.0,50.85,public_label_ok_raw_score_member_only,,
ma_trend_score_signed,signed_score,7970,7970,0.0,-100.0,-100.0,-100.0,-100.0,-100.0,-100.0,100.0,100.0,100.0,100.0,100.0,-14.1901,94.6101,54.52,4.93,40.55,public_label_ok_raw_score_member_only,,
macd_attention_adjusted_score_signed,signed_score,7970,7970,0.0,-61.8498,-56.8446,-38.0559,-19.7022,0.0,18.9512,39.4222,59.4797,76.9347,96.3995,100.0,18.4488,34.9994,24.37,15.18,60.45,public_label_ok_raw_score_member_only,,
macd_component_signal_direction,signed_score,7970,7970,0.0,-0.5,-0.5,-0.5,-0.5,-0.5,-0.5,0.5,0.5,0.5,0.5,0.5,-0.0045,0.4982,50.09,0.73,49.18,internal_only,,
macd_signal_strength_score_signed,signed_score,7970,7970,0.0,-60.0,-60.0,-40.0,-20.0,0.0,20.0,40.0,60.0,80.0,100.0,100.0,19.1619,36.4896,24.37,15.18,60.45,public_label_ok_raw_score_member_only,,
rsi_attention_adjusted_score_signed,signed_score,7970,7970,0.0,-60.7449,-40.6259,-21.3264,-19.7184,-9.1566,0.0,19.3663,19.9895,29.8513,42.1399,69.3335,1.3366,17.6672,44.78,7.39,47.83,public_label_ok_raw_score_member_only,,
rsi_combined_strength_score_signed,signed_score,7970,7970,0.0,-57.1429,-38.5714,-20.0,-18.5714,-8.5714,0.0,18.5714,18.5714,28.5714,39.0143,65.7143,1.2341,16.7114,44.78,7.39,47.83,public_label_ok_raw_score_member_only,,
rsi_strength_score_signed,signed_score,7970,7970,0.0,-57.1429,-28.5714,-14.2857,-14.2857,-14.2857,0.0,14.2857,14.2857,14.2857,42.8571,57.1429,1.2852,15.4636,41.07,9.65,49.28,public_label_ok_raw_score_member_only,,
sent_ribbon_center_slope_score_signed,signed_score,7970,6728,15.58,-100.0,-78.7599,-54.2208,-40.8763,-21.0203,1.9394,26.1839,46.505,57.655,80.3862,100.0,2.2484,34.2517,47.43,0.0,52.57,public_label_ok_raw_score_member_only,,
sent_ribbon_fast_slow_score_signed,signed_score,7970,7295,8.47,-100.0,-79.1163,-56.8543,-44.9765,-25.4635,1.0252,27.0325,48.0923,60.4084,84.3547,100.0,1.1145,36.2284,48.98,0.0,51.02,public_label_ok_raw_score_member_only,,
sent_ribbon_stack_score_signed,signed_score,7970,7943,0.34,-100.0,-100.0,-100.0,-100.0,-50.0,0.0,50.0,100.0,100.0,100.0,100.0,11.2426,63.2346,29.42,26.21,44.37,public_label_ok_raw_score_member_only,,
signal_consensus_attention_adjusted_score_signed,signed_score,7970,7970,0.0,-60.4052,-41.2645,-31.0444,-24.3891,-10.8294,5.2136,23.2038,39.13,47.0214,58.9286,75.3762,6.2811,23.5603,42.46,0.19,57.35,public_label_ok_raw_score_member_only,,
signal_consensus_score_signed,signed_score,7970,7970,0.0,-61.0447,-41.9149,-31.6897,-24.8966,-11.1984,5.2599,23.5379,39.9431,47.2475,59.6142,76.3535,6.3255,23.9846,42.46,0.19,57.35,public_label_ok_raw_score_member_only,,
stochastic_rsi_cross_score_signed,signed_score,7970,7970,0.0,-100.0,-100.0,-100.0,-100.0,-100.0,0.0,100.0,100.0,100.0,100.0,100.0,0.3262,88.6955,39.17,21.33,39.5,public_label_ok_raw_score_member_only,,
stochastic_rsi_d_strength_score_signed,signed_score,7970,7970,0.0,-100.0,-100.0,-100.0,-100.0,0.0,0.0,0.0,100.0,100.0,100.0,100.0,1.9134,63.5457,22.35,52.95,24.71,public_label_ok_raw_score_member_only,,
stochastic_rsi_strength_score_signed,signed_score,7970,7970,0.0,-100.0,-75.0,-50.0,-25.0,-25.0,0.0,25.0,25.0,50.0,100.0,100.0,1.1575,31.7143,42.2,12.18,45.62,public_label_ok_raw_score_member_only,,
attention_spike_score,unit_score_0_1,7970,7970,0.0,0.0,0.0,0.0,0.0,0.0,0.0,0.0,0.0,0.0,0.0,0.0,0.0,0.0,0.0,100.0,0.0,internal_review,,
attention_spike_score_delta_1d,unit_score_0_1,7970,7969,0.01,0.0,0.0,0.0,0.0,0.0,0.0,0.0,0.0,0.0,0.0,0.0,0.0,0.0,0.0,100.0,0.0,internal_review,,
attention_spike_score_delta_3d,unit_score_0_1,7970,7967,0.04,0.0,0.0,0.0,0.0,0.0,0.0,0.0,0.0,0.0,0.0,0.0,0.0,0.0,0.0,100.0,0.0,internal_review,,
attention_spike_score_ema_3,unit_score_0_1,7970,7970,0.0,0.0,0.0,0.0,0.0,0.0,0.0,0.0,0.0,0.0,0.0,0.0,0.0,0.0,0.0,100.0,0.0,internal_review,,
attention_spike_score_ema_7,unit_score_0_1,7970,7970,0.0,0.0,0.0,0.0,0.0,0.0,0.0,0.0,0.0,0.0,0.0,0.0,0.0,0.0,0.0,100.0,0.0,internal_review,,
attention_spike_score_streak_down,unit_score_0_1,7970,7970,0.0,0.0,0.0,0.0,0.0,0.0,0.0,0.0,0.0,0.0,0.0,0.0,0.0,0.0,0.0,100.0,0.0,internal_review,,
attention_spike_score_streak_up,unit_score_0_1,7970,7970,0.0,0.0,0.0,0.0,0.0,0.0,0.0,0.0,0.0,0.0,0.0,0.0,0.0,0.0,0.0,100.0,0.0,internal_review,,
boll_volatility_flag_num,unit_score_0_1,7970,7970,0.0,0.0,0.0,0.0,0.0,0.0,0.0,0.0,0.0,1.0,1.0,1.0,0.0671,0.2502,0.0,93.29,6.71,internal_review,,
bollinger_strength_score_raw,unit_score_0_1,7970,7970,0.0,0.0,0.0,0.2,0.3,0.5,0.5,0.7,0.8,0.9,1.0,1.0,0.56,0.2007,0.0,1.02,98.98,internal_only,,
consecutive_count_rsi_price_divergence,unit_score_0_1,7970,7970,0.0,0.0,0.0,0.0,0.0,0.0,0.0,0.0,0.0,0.0,0.0,0.0,0.0,0.0,0.0,100.0,0.0,internal_review,,
ma_trend_score_raw,unit_score_0_1,7970,7970,0.0,0.0,0.0,0.0,0.0,0.0,0.0,1.0,1.0,1.0,1.0,1.0,0.4693,0.4908,0.0,51.12,48.88,internal_only,,
macd_component_above,unit_score_0_1,7970,7970,0.0,0.0,0.0,0.0,0.0,0.0,0.0,1.0,1.0,1.0,1.0,1.0,0.49,0.4999,0.0,51.0,49.0,internal_only,,
sent_ribbon_stack_score_raw,unit_score_0_1,7970,7943,0.34,0.0,0.0,0.0,0.0,0.25,0.5,0.75,1.0,1.0,1.0,1.0,0.5562,0.3162,0.0,11.43,88.57,internal_only,,
